Feature,Correlation
Outcome,1.0
Glucose,0.4430409573271948
Age,0.2847086259126396
BMI,0.28027218487213323
Pregnancies,0.22027620764029007
DiabetesPedigreeFunction,0.13995293210163798
BloodPressure,0.11582904336716547
Insulin,0.06590487656316579
SkinThickness,0.018763462406265387
