{
  "model_name": "credit-score-classification-manual-cleaned_gradient_boosting_20250608_115900",
  "dataset": "../datasets/credit-score-classification-manual-cleaned.csv",
  "target_column": "Credit_Score",
  "chromosome": [
    0,
    1,
    0,
    0,
    1,
    0,
    1,
    1,
    0,
    0,
    1,
    1,
    1,
    0,
    0,
    2,
    3,
    1,
    1,
    0
  ],
  "pipeline_config": {
    "imputation_method": "knn",
    "imputation_params": {
      "n_neighbors": 5
    },
    "outlier_method": "none",
    "outlier_params": {},
    "resampling_method": "oversample",
    "resampling_params": {
      "sampling_strategy": "minority"
    },
    "encoding_method": "onehot",
    "encoding_params": {
      "max_cardinality_threshold": 20,
      "drop": "first"
    },
    "scaling_method": "standard",
    "scaling_params": {
      "with_mean": true,
      "with_std": true
    },
    "model_type": "gradient_boosting",
    "model_params": {
      "n_estimators": 200,
      "learning_rate": 0.01,
      "max_depth": 3,
      "subsample": 0.7
    }
  },
  "metrics": {
    "evaluation_set_description": "test_set (shape: (17790, 21))",
    "accuracy": 0.7065205171444632,
    "f1_score_weighted": 0.7098457959157902,
    "f1_score_micro": 0.7065205171444632,
    "f1_score_macro": 0.6917632227094082,
    "roc_auc": 0.8320097632413356,
    "auprc": 0.7562202353659022,
    "classification_report": {
      "0": {
        "precision": 0.5251989389920424,
        "recall": 0.8555555555555555,
        "f1-score": 0.6508570086874853,
        "support": 3240.0
      },
      "1": {
        "precision": 0.7644347404172732,
        "recall": 0.6026008797093134,
        "f1-score": 0.6739386161907818,
        "support": 5229.0
      },
      "2": {
        "precision": 0.7921334922526818,
        "recall": 0.7130136251475163,
        "f1-score": 0.7504940432499576,
        "support": 9321.0
      },
      "accuracy": 0.7065205171444632,
      "macro avg": {
        "precision": 0.6939223905539992,
        "recall": 0.7237233534707951,
        "f1-score": 0.6917632227094082,
        "support": 17790.0
      },
      "weighted avg": {
        "precision": 0.7353766217685995,
        "recall": 0.7065205171444632,
        "f1-score": 0.7098457959157902,
        "support": 17790.0
      }
    }
  },
  "preprocessor_states": {
    "imputation": {
      "method": "knn",
      "params": {
        "n_neighbors": 5
      }
    },
    "encoding": {
      "method": "onehot",
      "params": {
        "max_cardinality_threshold": 20,
        "drop": "first"
      }
    },
    "scaling": {
      "method": "standard",
      "params": {
        "with_mean": true,
        "with_std": true
      }
    }
  },
  "created_at": "20250608_115900",
  "source": "cli_chromosome"
}