{
  "model_name": "diabetes_GA_best_20250608_141814",
  "dataset": "datasets/diabetes.csv",
  "target_column": "Outcome",
  "features": [
    "Pregnancies",
    "Glucose",
    "BloodPressure",
    "SkinThickness",
    "Insulin",
    "BMI",
    "DiabetesPedigreeFunction",
    "Age"
  ],
  "chromosome": [
    2,
    2,
    3,
    2,
    2,
    3,
    2,
    4,
    3,
    1,
    0,
    3,
    2,
    1,
    0,
    3,
    6,
    1,
    5,
    0
  ],
  "pipeline_config": {
    "imputation_method": "missforest",
    "imputation_params": {
      "n_estimators": 100,
      "max_iter": 20
    },
    "outlier_method": "iqr",
    "outlier_params": {
      "multiplier": 2.5
    },
    "resampling_method": "smote",
    "resampling_params": {
      "sampling_strategy": 0.6
    },
    "encoding_method": "label",
    "encoding_params": {},
    "scaling_method": "minmax",
    "scaling_params": {},
    "model_type": "neural_network",
    "model_params": {
      "hidden_layer_sizes": [
        64,
        64
      ],
      "dropout_rate": 0.1,
      "learning_rate": 0.05,
      "batch_size": 16
    }
  },
  "metrics": {
    "evaluation_set_description": "test_set (shape: (154, 8))",
    "accuracy": 0.7532467532467533,
    "f1_score": 0.6545454545454545,
    "f1_score_weighted": 0.7532467532467533,
    "f1_score_micro": 0.7532467532467533,
    "f1_score_macro": 0.7313131313131314,
    "precision": 0.6545454545454545,
    "recall": 0.6545454545454545,
    "roc_auc": 0.8049586776859504,
    "auprc": 0.6614157766419588,
    "classification_report": {
      "0": {
        "precision": 0.8080808080808081,
        "recall": 0.8080808080808081,
        "f1-score": 0.8080808080808081,
        "support": 99.0
      },
      "1": {
        "precision": 0.6545454545454545,
        "recall": 0.6545454545454545,
        "f1-score": 0.6545454545454545,
        "support": 55.0
      },
      "accuracy": 0.7532467532467533,
      "macro avg": {
        "precision": 0.7313131313131314,
        "recall": 0.7313131313131314,
        "f1-score": 0.7313131313131314,
        "support": 154.0
      },
      "weighted avg": {
        "precision": 0.7532467532467533,
        "recall": 0.7532467532467533,
        "f1-score": 0.7532467532467533,
        "support": 154.0
      }
    }
  },
  "model_info": {
    "model_type": "neural_network",
    "serialization_format": "pickle",
    "model_path": "model_fallback.pkl",
    "created_at": "2025-06-08T14:18:14.318839",
    "library_versions": {
      "sklearn": "1.6.1",
      "tensorflow": "2.19.0",
      "pandas": "2.2.3",
      "numpy": "1.26.4"
    },
    "fallback_used": true,
    "original_error": "Invalid filepath extension for saving. Please add either a `.keras` extension for the native Keras format (recommended) or a `.h5` extension. Use `model.export(filepath)` if you want to export a SavedModel for use with TFLite/TFServing/etc. Received: filepath=C:\\Users\\march\\materials\\Programming\\cource_work\\diploma\\project\\models\\diabetes_GA_best_20250608_141814\\keras_model."
  },
  "ga_results": {
    "best_fitness": 0.7248938409375005,
    "fitness_history": [
      0.7006406947643797,
      0.7006406947643797,
      0.7248938409375005
    ]
  },
  "created_at": "20250608_141814",
  "source": "genetic_algorithm"
}